{
  "case_statement": {
    "1.61829582215": {
      "timing": 1.3,
      "area": 202.04,
      "power": 45400000.0
    },
    "1.70112402235": {
      "timing": 1.33,
      "area": 176.63,
      "power": 27200000.0
    },
    "1.78395222256": {
      "timing": 1.39,
      "area": 155.54,
      "power": 20700000.0
    },
    "1.94960862296": {
      "timing": 1.42,
      "area": 154.77,
      "power": 10900000.0
    },
    "1.86678042276": {
      "timing": 1.43,
      "area": 151.47,
      "power": 16100000.0
    },
    "2.03243682317": {
      "timing": 1.56,
      "area": 129.11,
      "power": 14400000.0
    },
    "2.11526502337": {
      "timing": 1.56,
      "area": 132.41,
      "power": 11300000.0
    },
    "2.19809322358": {
      "timing": 1.59,
      "area": 136.73,
      "power": 8820000.0
    },
    "2.28092142378": {
      "timing": 1.59,
      "area": 136.73,
      "power": 8280000.0
    },
    "2.36374962398": {
      "timing": 1.77,
      "area": 114.62,
      "power": 11800000.0
    },
    "2.44657782419": {
      "timing": 1.77,
      "area": 114.11,
      "power": 10500000.0
    },
    "2.52940602439": {
      "timing": 1.77,
      "area": 114.87,
      "power": 7780000.0
    },
    "2.61223422459": {
      "timing": 1.77,
      "area": 113.6,
      "power": 8160000.0
    },
    "2.6950624248": {
      "timing": 1.77,
      "area": 114.11,
      "power": 6210000.0
    },
    "2.777890625": {
      "timing": 1.77,
      "area": 113.35,
      "power": 5870000.0
    },
    "min_area_endpoint": {
      "timing": "VIOLATED",
      "area": null,
      "power": null
    },
    "min_delay_endpoint": {
      "timing": "VIOLATED",
      "area": null,
      "power": null
    }
  },
  "bit_level": {
    "1.58755374908": {
      "timing": 1.29,
      "area": 170.02,
      "power": 49500000.0
    },
    "1.70111994334": {
      "timing": 1.33,
      "area": 164.94,
      "power": 29500000.0
    },
    "1.8146861376": {
      "timing": 1.39,
      "area": 134.95,
      "power": 16900000.0
    },
    "2.04181852613": {
      "timing": 1.44,
      "area": 139.78,
      "power": 12000000.0
    },
    "2.15538472039": {
      "timing": 1.44,
      "area": 137.24,
      "power": 8570000.0
    },
    "1.92825233187": {
      "timing": 1.47,
      "area": 136.22,
      "power": 13500000.0
    },
    "2.26895091465": {
      "timing": 1.68,
      "area": 126.56,
      "power": 12700000.0
    },
    "2.38251710892": {
      "timing": 1.68,
      "area": 125.8,
      "power": 9030000.0
    },
    "2.49608330318": {
      "timing": 1.68,
      "area": 125.29,
      "power": 7340000.0
    },
    "3.17748046875": {
      "timing": 1.9,
      "area": 105.22,
      "power": 4980000.0
    },
    "2.60964949744": {
      "timing": 1.95,
      "area": 107.76,
      "power": 10500000.0
    },
    "2.7232156917": {
      "timing": 1.95,
      "area": 105.98,
      "power": 11700000.0
    },
    "2.83678188596": {
      "timing": 1.95,
      "area": 106.74,
      "power": 8860000.0
    },
    "2.95034808023": {
      "timing": 1.95,
      "area": 105.47,
      "power": 8340000.0
    },
    "3.06391427449": {
      "timing": 1.95,
      "area": 105.98,
      "power": 6290000.0
    },
    "min_area_endpoint": {
      "timing": "VIOLATED",
      "area": null,
      "power": null
    },
    "min_delay_endpoint": {
      "timing": "VIOLATED",
      "area": null,
      "power": null
    }
  },
  "word_level": {
    "1.59564376831": {
      "timing": 1.28,
      "area": 208.91,
      "power": 48100000.0
    },
    "1.71907434736": {
      "timing": 1.33,
      "area": 184.51,
      "power": 28900000.0
    },
    "1.84250492641": {
      "timing": 1.45,
      "area": 191.37,
      "power": 21700000.0
    },
    "1.96593550546": {
      "timing": 1.51,
      "area": 159.35,
      "power": 15700000.0
    },
    "2.08936608451": {
      "timing": 1.6,
      "area": 154.01,
      "power": 13800000.0
    },
    "2.21279666356": {
      "timing": 1.65,
      "area": 154.27,
      "power": 9530000.0
    },
    "2.33622724261": {
      "timing": 1.75,
      "area": 149.69,
      "power": 9010000.0
    },
    "2.45965782166": {
      "timing": 1.76,
      "area": 148.42,
      "power": 8370000.0
    },
    "2.5830884007": {
      "timing": 1.81,
      "area": 146.9,
      "power": 7870000.0
    },
    "2.70651897975": {
      "timing": 1.96,
      "area": 110.55,
      "power": 12900000.0
    },
    "2.8299495588": {
      "timing": 1.96,
      "area": 111.82,
      "power": 8460000.0
    },
    "2.95338013785": {
      "timing": 1.96,
      "area": 109.79,
      "power": 9470000.0
    },
    "3.0768107169": {
      "timing": 1.96,
      "area": 110.55,
      "power": 6510000.0
    },
    "3.20024129595": {
      "timing": 1.96,
      "area": 109.79,
      "power": 5310000.0
    },
    "3.323671875": {
      "timing": 1.96,
      "area": 109.79,
      "power": 4910000.0
    },
    "min_area_endpoint": {
      "timing": "VIOLATED",
      "area": null,
      "power": null
    },
    "min_delay_endpoint": {
      "timing": "VIOLATED",
      "area": null,
      "power": null
    }
  },
  "behavioral": {
    "1.59414949416": {
      "timing": 1.29,
      "area": 170.78,
      "power": 46800000.0
    },
    "1.70863686289": {
      "timing": 1.33,
      "area": 158.33,
      "power": 34400000.0
    },
    "1.82312423161": {
      "timing": 1.44,
      "area": 142.83,
      "power": 21100000.0
    },
    "2.05209896905": {
      "timing": 1.44,
      "area": 139.53,
      "power": 11100000.0
    },
    "2.16658633777": {
      "timing": 1.45,
      "area": 136.48,
      "power": 8460000.0
    },
    "1.93761160033": {
      "timing": 1.48,
      "area": 135.97,
      "power": 14400000.0
    },
    "2.28107370649": {
      "timing": 1.68,
      "area": 126.56,
      "power": 11200000.0
    },
    "2.39556107521": {
      "timing": 1.68,
      "area": 126.31,
      "power": 8980000.0
    },
    "2.51004844393": {
      "timing": 1.68,
      "area": 125.55,
      "power": 7160000.0
    },
    "2.62453581265": {
      "timing": 1.95,
      "area": 107.76,
      "power": 10500000.0
    },
    "2.73902318137": {
      "timing": 1.95,
      "area": 106.23,
      "power": 10800000.0
    },
    "2.85351055009": {
      "timing": 1.95,
      "area": 106.74,
      "power": 8750000.0
    },
    "2.96799791881": {
      "timing": 1.95,
      "area": 105.47,
      "power": 8230000.0
    },
    "3.08248528753": {
      "timing": 1.95,
      "area": 105.72,
      "power": 7140000.0
    },
    "3.19697265625": {
      "timing": 1.95,
      "area": 105.22,
      "power": 4980000.0
    },
    "min_area_endpoint": {
      "timing": "VIOLATED",
      "area": null,
      "power": null
    },
    "min_delay_endpoint": {
      "timing": "VIOLATED",
      "area": null,
      "power": null
    }
  }
}