{
  "case_statement": {
    "1.69371383668": {
      "timing": 1.39,
      "area": 441.45,
      "power": 75400000.0
    },
    "1.91177724566": {
      "timing": 1.45,
      "area": 310.06,
      "power": 39100000.0
    },
    "2.12984065465": {
      "timing": 1.64,
      "area": 297.35,
      "power": 20900000.0
    },
    "2.78403088161": {
      "timing": 1.82,
      "area": 281.08,
      "power": 16100000.0
    },
    "2.34790406364": {
      "timing": 1.84,
      "area": 278.8,
      "power": 32500000.0
    },
    "2.56596747263": {
      "timing": 1.98,
      "area": 276.76,
      "power": 22900000.0
    },
    "3.0020942906": {
      "timing": 2.11,
      "area": 271.17,
      "power": 18300000.0
    },
    "3.22015769959": {
      "timing": 2.11,
      "area": 271.17,
      "power": 12700000.0
    },
    "3.43822110858": {
      "timing": 2.11,
      "area": 270.41,
      "power": 11600000.0
    },
    "3.65628451756": {
      "timing": 2.71,
      "area": 228.22,
      "power": 18100000.0
    },
    "3.87434792655": {
      "timing": 2.71,
      "area": 224.41,
      "power": 20200000.0
    },
    "4.09241133554": {
      "timing": 2.71,
      "area": 225.43,
      "power": 15300000.0
    },
    "4.31047474452": {
      "timing": 2.71,
      "area": 223.39,
      "power": 14600000.0
    },
    "4.52853815351": {
      "timing": 2.71,
      "area": 224.41,
      "power": 9600000.0
    },
    "4.7466015625": {
      "timing": 2.71,
      "area": 222.88,
      "power": 7950000.0
    },
    "min_area_endpoint": {
      "timing": "VIOLATED",
      "area": null,
      "power": null
    },
    "min_delay_endpoint": {
      "timing": "VIOLATED",
      "area": null,
      "power": null
    }
  },
  "bit_level": {
    "1.69763511658": {
      "timing": 1.38,
      "area": 406.38,
      "power": 86000000.0
    },
    "1.89523009709": {
      "timing": 1.47,
      "area": 316.41,
      "power": 41200000.0
    },
    "2.0928250776": {
      "timing": 1.54,
      "area": 300.4,
      "power": 20300000.0
    },
    "2.29042005812": {
      "timing": 1.76,
      "area": 279.05,
      "power": 33500000.0
    },
    "2.48801503863": {
      "timing": 1.77,
      "area": 281.34,
      "power": 23500000.0
    },
    "2.88320499965": {
      "timing": 1.77,
      "area": 284.39,
      "power": 13400000.0
    },
    "2.68561001914": {
      "timing": 1.81,
      "area": 283.12,
      "power": 17300000.0
    },
    "3.08079998016": {
      "timing": 2.19,
      "area": 263.55,
      "power": 18200000.0
    },
    "3.27839496068": {
      "timing": 2.19,
      "area": 262.78,
      "power": 12500000.0
    },
    "3.47598994119": {
      "timing": 2.19,
      "area": 263.8,
      "power": 11400000.0
    },
    "3.6735849217": {
      "timing": 2.19,
      "area": 264.82,
      "power": 10500000.0
    },
    "3.87117990221": {
      "timing": 2.87,
      "area": 220.6,
      "power": 18500000.0
    },
    "4.06877488273": {
      "timing": 2.87,
      "area": 217.04,
      "power": 20800000.0
    },
    "4.26636986324": {
      "timing": 2.87,
      "area": 217.55,
      "power": 17600000.0
    },
    "4.46396484375": {
      "timing": 2.87,
      "area": 215.01,
      "power": 17500000.0
    },
    "min_area_endpoint": {
      "timing": "VIOLATED",
      "area": null,
      "power": null
    },
    "min_delay_endpoint": {
      "timing": "VIOLATED",
      "area": null,
      "power": null
    }
  },
  "word_level": {
    "1.65893627166": {
      "timing": 1.35,
      "area": 530.91,
      "power": 106000000.0
    },
    "1.88574913842": {
      "timing": 1.49,
      "area": 454.41,
      "power": 55000000.0
    },
    "2.11256200517": {
      "timing": 1.52,
      "area": 344.11,
      "power": 23900000.0
    },
    "2.33937487193": {
      "timing": 1.76,
      "area": 327.08,
      "power": 20200000.0
    },
    "2.56618773869": {
      "timing": 1.91,
      "area": 323.27,
      "power": 17100000.0
    },
    "2.79300060544": {
      "timing": 2.06,
      "area": 319.46,
      "power": 16400000.0
    },
    "3.0198134722": {
      "timing": 2.16,
      "area": 316.41,
      "power": 15200000.0
    },
    "3.24662633896": {
      "timing": 2.27,
      "area": 311.58,
      "power": 15200000.0
    },
    "3.47343920571": {
      "timing": 2.37,
      "area": 306.75,
      "power": 13100000.0
    },
    "3.70025207247": {
      "timing": 2.52,
      "area": 303.96,
      "power": 13000000.0
    },
    "3.92706493922": {
      "timing": 2.88,
      "area": 219.83,
      "power": 27200000.0
    },
    "4.15387780598": {
      "timing": 2.88,
      "area": 222.38,
      "power": 18200000.0
    },
    "4.38069067274": {
      "timing": 2.88,
      "area": 223.14,
      "power": 14000000.0
    },
    "4.60750353949": {
      "timing": 2.88,
      "area": 221.11,
      "power": 12400000.0
    },
    "4.83431640625": {
      "timing": 2.88,
      "area": 220.85,
      "power": 9890000.0
    },
    "min_area_endpoint": {
      "timing": "VIOLATED",
      "area": null,
      "power": null
    },
    "min_delay_endpoint": {
      "timing": "VIOLATED",
      "area": null,
      "power": null
    }
  },
  "behavioral": {
    "1.73208908081": {
      "timing": 1.42,
      "area": 418.07,
      "power": 67700000.0
    },
    "1.9599420929": {
      "timing": 1.51,
      "area": 312.34,
      "power": 31900000.0
    },
    "2.18779510498": {
      "timing": 1.72,
      "area": 290.49,
      "power": 19100000.0
    },
    "2.41564811707": {
      "timing": 1.77,
      "area": 275.75,
      "power": 27100000.0
    },
    "2.64350112915": {
      "timing": 1.77,
      "area": 283.88,
      "power": 18300000.0
    },
    "2.87135414124": {
      "timing": 1.77,
      "area": 284.13,
      "power": 13600000.0
    },
    "3.09920715332": {
      "timing": 2.19,
      "area": 263.8,
      "power": 18800000.0
    },
    "3.32706016541": {
      "timing": 2.19,
      "area": 263.04,
      "power": 12300000.0
    },
    "3.55491317749": {
      "timing": 2.19,
      "area": 263.8,
      "power": 11100000.0
    },
    "3.78276618958": {
      "timing": 2.87,
      "area": 219.58,
      "power": 22000000.0
    },
    "4.01061920166": {
      "timing": 2.87,
      "area": 216.28,
      "power": 23300000.0
    },
    "4.23847221375": {
      "timing": 2.87,
      "area": 218.56,
      "power": 15100000.0
    },
    "4.46632522583": {
      "timing": 2.87,
      "area": 215.77,
      "power": 16800000.0
    },
    "4.69417823792": {
      "timing": 2.87,
      "area": 217.29,
      "power": 11200000.0
    },
    "4.92203125": {
      "timing": 2.87,
      "area": 216.53,
      "power": 8740000.0
    },
    "min_area_endpoint": {
      "timing": "VIOLATED",
      "area": null,
      "power": null
    },
    "min_delay_endpoint": {
      "timing": "VIOLATED",
      "area": null,
      "power": null
    }
  }
}